title,url,date_guess
Agenda - Special Meeting of Wexford county Council (Presidential Election) 19th September 2025,https://www.wexfordcoco.ie/sites/default/files/content/Agenda_Special_Meeting_Wexford_County_Council_(Presidential_Election)2025September19.pdf,19th September 2025
Agenda - Wexford County Council Meeting - 8th September 2025,https://www.wexfordcoco.ie/sites/default/files/content/Agenda_County_Council_Meeting2025Sept8.pdf,8th September 2025
Agenda - Wexford County Council Meeting - 14th July 2025,https://www.wexfordcoco.ie/sites/default/files/content/Agenda_County_Council_Meeting2025July14.pdf,14th July 2025
Agenda - Annual Meeting of Wexford County Council - 23rd June 2025,https://www.wexfordcoco.ie/sites/default/files/content/Annual_Meeting_Wexford_County_Council2025June23.pdf,23rd June 2025
Agenda - Special Meeting of Wexford County Council (Casual Vacancy) 9th June 2025,https://www.wexfordcoco.ie/sites/default/files/content/Agenda_Special_Meeting_Wexford_County_Council_Casual_Vacancy_2025June9.pdf,9th June 2025
Agenda - Wexford County Council Meeting - 9th June 2025,https://www.wexfordcoco.ie/sites/default/files/content/Agenda_Wexford_County_Council2025June9.pdf,9th June 2025
Agenda - Wexford County Council Meeting - 12th May 2025,https://www.wexfordcoco.ie/sites/default/files/content/Agenda_County_Council_Meeting2025May12.pdf,12th May 2025
Agenda - Special Meeting of Wexford County Council (Housing) - 6th May 2025,https://www.wexfordcoco.ie/sites/default/files/content/Agenda_Special_Meeting_Wexford_County_Council_Housing2025May6.pdf,6th May 2025
Agenda - Wexford County Council Meeting - 14th April 2025,https://www.wexfordcoco.ie/sites/default/files/content/Agenda_County_Council_Meeting_2025April14.pdf,14th April 2025
Agenda - Wexford County Council Meeting - 10th March 2025,https://www.wexfordcoco.ie/sites/default/files/content/Agenda_County_Council_Meeting_2025Mar10.pdf,10th March 2025
Agenda - Wexford County Council Meeting - 10th February 2025,https://www.wexfordcoco.ie/sites/default/files/content/Agenda_County_Council_Meeting_2025Feb10.pdf,10th February 2025
Agenda - Wexford County Council Meeting - 13th January 2025,https://www.wexfordcoco.ie/sites/default/files/content/Agenda_County_Council_Meeting2025Jan13_0.pdf,13th January 2025
Agenda - Special Meeting of Wexford County Council - 16th December 2024,https://www.wexfordcoco.ie/sites/default/files/content/CouncilDemocracy/Agenda_Special_County_Council_Meeting_20241216.pdf,16th December 2024
"Agenda - Wexford County Council Meeting - 9th December, 2024",https://www.wexfordcoco.ie/sites/default/files/content/Agenda_Wexford_County_Council_20241290.pdf,2024
"Agenda - Wexford County Council Statutory Budget Meeting - 25th November, 2024",https://www.wexfordcoco.ie/sites/default/files/content/Agenda_Statutory_Budget_Meeting_20241125.pdf,2024
Agenda - Wexford County Council Meeting - 11th November 2024,https://www.wexfordcoco.ie/sites/default/files/content/CouncilDemocracy/Agenda_County_Council_Meeting_20241111.pdf,11th November 2024
Agenda - Wexford County Council Meeting - 14th October 2024,https://www.wexfordcoco.ie/sites/default/files/content/Agenda_County_Council_Meeting_20241014.pdf,14th October 2024
Agenda - Wexford County Council Meeting - 9th September 2024,https://www.wexfordcoco.ie/sites/default/files/content/Agenda_County_Council_Meeting2024_09_09.pdf,9th September 2024
Agenda - Wexford County Council Meeting - 8th July 2024,https://www.wexfordcoco.ie/sites/default/files/content/Agenda%20County%20Council%20Meeting%208th%20July%2C%202024.pdf,8th July 2024
Agenda - Annual Meeting of Wexford County Council - 21st June 2024,https://www.wexfordcoco.ie/sites/default/files/content/Agenda%20Annual%20Meeting%20of%20Wexford%20County%20Council%2021st%20June%2C%202024.pdf,21st June 2024
Agenda - Wexford County Council Meeting - 13th May 2024,https://www.wexfordcoco.ie/sites/default/files/content/Agenda%20County%20Council%20Meeting%2013th%20May%2C%202024.pdf,13th May 2024
Agenda - Special Meeting of Wexford County Council - 13th May 2024,https://www.wexfordcoco.ie/sites/default/files/content/Agenda%20Special%20Meeting%20of%20Wexford%20County%20Council%20re%20Chief%20Executive%2013th%20May%2C%202024.pdf,13th May 2024
Agenda - Wexford County Council Meeting - 8th April 2024,https://www.wexfordcoco.ie/sites/default/files/content/Agenda%20County%20Council%20Meeting%208th%20April%2C%202024.pdf,8th April 2024
Agenda - Wexford County Council Meeting - 11th March 2024,https://www.wexfordcoco.ie/sites/default/files/content/Agenda%20County%20Council%20Meeting%2011th%20March%2C%202024.pdf,11th March 2024
Agenda - Wexford County Council Meeting - 12th February 2024,https://www.wexfordcoco.ie/sites/default/files/content/Agenda%20County%20Council%20Meeting%2012th%20February%2C%202024.pdf,12th February 2024
Agenda - Wexford County Council Meeting - 8th January 2024,https://wexfordcoco.ie/sites/default/files/media/doc/2024/Agenda%20County%20Council%20Meeting%208th%20January%2C%202024.pdf,8th January 2024
"Agenda - Wexford County Council Meeting - 11th December, 2023",https://www.wexfordcoco.ie/sites/default/files/content/Agenda-County-Council-Meeting-11th-December-2023.pdf,2023
"Agenda - Wexford County Council Statutory Budget Meeting - 4th December, 2023",https://www.wexfordcoco.ie/sites/default/files/content/Agenda-Statutory-Budget-Meeting-of-Wexford-County-Council-4th-December-2023.pdf,2023
"Agenda - Wexford County Council Special Meeting - 29th November, 2023",https://www.wexfordcoco.ie/sites/default/files/content/Agenda-Special-Meeting-of-Wexford-County-Council-29th-November-2023.pdf,2023
"Agenda - Wexford County Council Meeting - 13th November, 2023",https://www.wexfordcoco.ie/sites/default/files/content/Agenda-County-Council-Meeting-13th-November-2023.pdf,2023
"Agenda - Wexford County Council Meeting - 9th October, 2023",https://www.wexfordcoco.ie/sites/default/files/content/Agenda-County-Council-Meeting-9th-October-2023.pdf,2023
"Agenda - Wexford County Council Meeting - 11th September, 2023",https://www.wexfordcoco.ie/sites/default/files/content/Agenda-County-Council-Meeting-11th-September-2023.pdf,2023
"Agenda - Wexford County Council Meeting - 10th July, 2023",https://www.wexfordcoco.ie/sites/default/files/content/Agenda-Wexford-County-Council-Meeting-10th-July-2023.pdf,2023
"Agenda - Wexford County Council Meeting - 26th June, 2023",https://www.wexfordcoco.ie/sites/default/files/content/Agenda-Annual-Meeting-Wexford-County-Council-26th-June-2023.doc.pdf,2023
"Agenda - Wexford County Council Meeting - 12th June, 2023",https://www.wexfordcoco.ie/sites/default/files/content/Agenda-County-Council-Meeting-12th-June-2023.pdf,2023
"Agenda - Wexford County Council Meeting - 8th May, 2023",https://www.wexfordcoco.ie/sites/default/files/content/Agenda-County-Council-Meeting-8th-May-2023.pdf,2023
"Agenda - Wexford County Council Special Meeting (Climate Change, Coastal Erosion, Coastal Flooding & Rising Sea Levels)- 11th April 2023",https://www.wexfordcoco.ie/sites/default/files/content/CouncilDemocracy/CouncilMinutes/Agenda-Special-County-Council-Meeting-Climate-Change-Coastal-Erosion-Coastal-Flooding-Rising-Sea-Levels-11th-April-2023.doc.pdf,11th April 2023
Agenda - Wexford County Council Meeting - 11th April 2023,https://www.wexfordcoco.ie/sites/default/files/content/CouncilDemocracy/CouncilMinutes/Agenda-County-Council-Meeting-11th-April-2023.pdf,11th April 2023
Agenda - Wexford County Council Meeting - 13th March 2023,https://www.wexfordcoco.ie/sites/default/files/content/CouncilDemocracy/CouncilMinutes/Agenda-County-Council-Meeting-13th-March-2023.pdf,13th March 2023
Agenda - Wexford County Council Meeting - 13th February 2023,https://www.wexfordcoco.ie/sites/default/files/content/CouncilDemocracy/CouncilMinutes/Agenda-County-Council-Meeting-13th-February-2023.pdf,13th February 2023
Agenda - Wexford County Council Meeting - 9th January 2023,https://www.wexfordcoco.ie/sites/default/files/content/CouncilDemocracy/CouncilMinutes/Agenda-County-Council-Meeting-9th-January-2023_0.pdf,9th January 2023
Agenda - Wexford County Council Meeting - 12th December 2022,https://www.wexfordcoco.ie/sites/default/files/content/CouncilDemocracy/CouncilMinutes/Agenda-County-Council-Meeting-12th-December-2022.pdf,12th December 2022
Agenda - Special Meeting of Wexford County Council (Housing) - 5th December 2022,https://www.wexfordcoco.ie/sites/default/files/content/CouncilDemocracy/CouncilMinutes/Agenda-Special-Meeting-of-Wexford-County-Council-Housing-5th-December-2022.pdf,5th December 2022
Agenda - Wexford County Council Statutory Budget Meeting - 28th November 2022,https://www.wexfordcoco.ie/sites/default/files/content/CouncilDemocracy/CouncilMinutes/Agenda-Statutory-Budget-Meeting-of-Wexford-County-Council-28th-November-2022.pdf,28th November 2022
Agenda - Wexford County Council Special Meeting - 14th November 2022,https://www.wexfordcoco.ie/sites/default/files/content/Agenda-Special-Meeting-of-Wexford-County-Council-Housing-14th-November-2022-11-am-13.00-pm.pdf,14th November 2022
Agenda - Wexford County Council Meeting - 14th November 2022,https://www.wexfordcoco.ie/sites/default/files/content/Agenda-County-Council-Meeting-14th-November-2022.pdf,14th November 2022
Agenda - Wexford County Council Meeting - 10th October 2022,https://www.wexfordcoco.ie/sites/default/files/content/CouncilDemocracy/PlansPublications/Agenda-County-Council-Meeting-10th-October-2022.pdf,10th October 2022
Agenda - Wexford County Council Meeting - 12 September,https://www.wexfordcoco.ie/sites/default/files/content/Agenda-County-Council-Meeting-12th-September-2022.pdf,
Agenda - Wexford County Council Meeting - 11 July 2022,https://www.wexfordcoco.ie/sites/default/files/content/Agenda-County-Council-Meeting-11th-July-2022.pdf,2022
Agenda - Wexford County Council Annual Meeting - 20th June 2022,https://www.wexfordcoco.ie/sites/default/files/content/Agenda-Annual-Meeting-of-Wexford-County-Council-20th-June-2022.pdf,20th June 2022
Agenda - Wexford County Council Special Meeting - 13th June 2022,https://www.wexfordcoco.ie/sites/default/files/content/Agenda-Special-Meeting-of-Wexford-County-Council-13th-June-2022.pdf,13th June 2022
Agenda - Wexford County Council Meeting - 13th June 2022,https://www.wexfordcoco.ie/sites/default/files/content/Agenda-County-Council-Meeting-13th-June-2022.pdf,13th June 2022
Agenda - Wexford County Council Meeting - 9th May 2022,https://www.wexfordcoco.ie/sites/default/files/content/Agenda-County-Council-Meeting-9th-May-2022.pdf,9th May 2022
Agenda - Wexford County Council Meeting - 11th April 2022,https://www.wexfordcoco.ie/sites/default/files/content/Agenda-County-Council-Meeting-11th-April-2022.pdf,11th April 2022
Agenda - Wexford County Council Meeting - 28th March 2022,https://www.wexfordcoco.ie/sites/default/files/content/Planning/Council-Meeting-Minutes-28.03.2022.pdf,28th March 2022
Agenda - Wexford County Council Meeting - 14th February 2022,https://www.wexfordcoco.ie/sites/default/files/content/Agenda-County-Council-Meeting-14th-February-2022.pdf,14th February 2022
Agenda - Wexford County Council Meeting - 14th January 2022,https://www.wexfordcoco.ie/sites/default/files/content/Agenda-Special-County-Council-Meeting-14th-January-2022.pdf,14th January 2022
Agenda - Wexford County Council Meeting - 10th January 2022,https://www.wexfordcoco.ie/sites/default/files/content/Agenda-County-Council-Meeting-10th-January-2022.pdf,10th January 2022
Agenda - Wexford County Council Meeting - 5th January 2022,https://www.wexfordcoco.ie/sites/default/files/content/Agenda-Special-County-Council-Meeting-5th-January-2022.pdf,5th January 2022
"County Council Meeting Minutes - 14th July, 2025",https://www.wexfordcoco.ie/sites/default/files/content/Minutes_July_Meeting_Wexford_County_Council_14_07_25.pdf,2025
"Annual Meeting of Wexford County Council - 23rd June, 2025",https://www.wexfordcoco.ie/sites/default/files/content/County_Council_Annual_Meeting_23_06_25_Minutes.pdf,2025
"Special County Council Meeting Minutes - 9th June, 2025",https://www.wexfordcoco.ie/sites/default/files/content/Minutes_Special_Meeting_09_06_25.pdf,2025
"County Council Meeting Minutes - 9th June, 2025",https://www.wexfordcoco.ie/sites/default/files/content/Minutes_June_Meeting_Wexford_County_Council_09_06_25.pdf,2025
County Council Meeting Minutes - 12th May 2025,https://www.wexfordcoco.ie/sites/default/files/content/County_Council_Meeting_12_05_25_Minutes.pdf,12th May 2025
County Council Special Meeting Minutes (housing) - 6th May 2025,https://www.wexfordcoco.ie/sites/default/files/content/Special_Housing_County_Council_Meeting_06_05_25_Minutes.pdf,6th May 2025
County Council Meeting Minutes - 14th April 2025,https://www.wexfordcoco.ie/sites/default/files/content/County_Council_Meeting_14_04_25_Minutes.pdf,14th April 2025
County Council Meeting Minutes - 10th March 2025,https://www.wexfordcoco.ie/sites/default/files/content/County_Council_Meeting_10_03_25_Minutes.pdf,10th March 2025
County Council Meeting Minutes - 10th February 2025,https://www.wexfordcoco.ie/sites/default/files/content/County_Council_Meeting_10_02_25_Minutes_0.pdf,10th February 2025
County Council Meeting Minutes - 13th January 2025,https://www.wexfordcoco.ie/sites/default/files/content/County_Council_Meeting_13_01_25_Minutes_0.pdf,13th January 2025
Special County Council Meeting Minutes - 16th December 2024,https://www.wexfordcoco.ie/sites/default/files/content/Special_County_Council_Meeting_16_12_24_Minutes.pdf,16th December 2024
County Council Meeting Minutes - 9th December 2024,https://www.wexfordcoco.ie/sites/default/files/content/County_Council_Meeting_09_12_24_Minutes.pdf,9th December 2024
Statutory Budget Meeting Wexford County Council - 25th November 2024,https://www.wexfordcoco.ie/sites/default/files/content/Statutory_Budget_Meeting_25_11_24_Minutes.pdf,25th November 2024
County Council Meeting Minutes - 11th November 2024,https://www.wexfordcoco.ie/sites/default/files/content/County_Council_Meeting_11_11_24_Minutes.pdf,11th November 2024
County Council Meeting Minutes - 14th October 2024,https://www.wexfordcoco.ie/sites/default/files/content/CouncilDemocracy/County_Council_Meeting_14_10_24_Minutes.pdf,14th October 2024
County Council Meeting Minutes - 9th September 2024 - Amended,https://www.wexfordcoco.ie/sites/default/files/content/CouncilDemocracy/County_Council_20240909_%20Amended_Minutes.pdf,9th September 2024
County Council Meeting Minutes - 9th September 2024,https://www.wexfordcoco.ie/sites/default/files/content/County_Council%20_Meeting_Minutes_090924.pdf,9th September 2024
County Council Meeting Minutes - 8th July 2024,https://www.wexfordcoco.ie/sites/default/files/content/County_Council_Meeting_Mins_2024_07_08.pdf,8th July 2024
County Council Annual Meeting Minutes - 21st June 2024,https://www.wexfordcoco.ie/sites/default/files/content/Annual%20Meeting%20County%20Council%20Meeting%20Minutes%20%2021.06.24.pdf,21st June 2024
County Council Meeting Minutes - 13th May 2024 - Amended,https://www.wexfordcoco.ie/sites/default/files/content/County%20Council%20Meeting%2013.05.24%20-%20Minutes%20Amended.pdf,13th May 2024
County Council Meeting Minutes - 13th May 2024,https://www.wexfordcoco.ie/sites/default/files/content/County%20Council%20Meeting%2013.05.24%20%20Minutes_0.pdf,13th May 2024
County Council Meeting Minutes - 8th April 2024,https://www.wexfordcoco.ie/sites/default/files/content/County%20Council%20Meeting%208.04.24%20-%20Minutes.pdf,8th April 2024
County Council Meeting Minutes - 11th March 2024,https://www.wexfordcoco.ie/sites/default/files/content/County%20Council%20Meeting%2011.03.24%20-%20Minutes.pdf,11th March 2024
County Council Meeting Minutes - 12th February 2024,https://www.wexfordcoco.ie/sites/default/files/content/County%20Council%20Meeting%2012.02.24%20-%20Minutes.pdf,12th February 2024
County Council Meeting Minutes - 8th January 2024,https://www.wexfordcoco.ie/sites/default/files/content/County%20Council%20Meeting%2008.01.24%20-%20Minutes.docx.pdf,8th January 2024
County Council Meeting Minutes Special Housing - 8th January 2024,https://www.wexfordcoco.ie/sites/default/files/content/Special%20(Housing)%20County%20Council%20Meeting%2008.01.24%20-%20Minutes..pdf,8th January 2024
County Council Meeting - 11th December 2023,https://wexfordcoco.ie/sites/default/files/media/doc/2024/County%20Council%20Meeting%2011.12.23%20-%20Minutes.docx.pdf,11th December 2023
Statutory Budget Meeting Wexford County Council - 4th December 2023,https://www.wexfordcoco.ie/sites/default/files/content/Statutory-Budget-Meeting-04.12.23-Minutes.pdf,4th December 2023
Special County Council Meeting - 29th November 2023,https://www.wexfordcoco.ie/sites/default/files/content/Special-County-Council-Meeting-29.11.23-Minutes.pdf,29th November 2023
County Council Meeting - 13th November 2023,https://www.wexfordcoco.ie/sites/default/files/content/County-Council-Meeting-13.11.23-Minutes.pdf,13th November 2023
County Council Meeting - 9th October 2023,https://www.wexfordcoco.ie/sites/default/files/content/County-Council-Meeting-09.10.23-Minutes_0.pdf,9th October 2023
County Council Meeting - 11th September 2023,https://www.wexfordcoco.ie/sites/default/files/content/County-Council-Meeting-11.09.23-Minutes.pdf,11th September 2023
County Council Meeting - 10th July 2023,https://www.wexfordcoco.ie/sites/default/files/content/County-Council-Meeting-10.07.23-Minutes.pdf,10th July 2023
County Council Annual Meeting - 26th June 2023,https://www.wexfordcoco.ie/sites/default/files/content/County-Council-Annual-Meeting-26.06.23-Minutes.pdf,26th June 2023
County Council Meeting - 12th June 2023,https://www.wexfordcoco.ie/sites/default/files/content/County-Council-Meeting-12.06.23-Minutes.pdf,12th June 2023
County Council Meeting - 8th May 2023,https://www.wexfordcoco.ie/sites/default/files/content/County-Council-Meeting-08.05.23-Minutes.pdf,8th May 2023
"Special County Council Meeting (Climate Change, Coastal Erosion, Coastal Flooding & Rising Sea Levels )  - 11th April 2023",https://www.wexfordcoco.ie/sites/default/files/content/Special-Coastal-Erosion-County-Council-Meeting-11.04.23-Minutes.pdf,11th April 2023
County Council Meeting - 11th April 2023,https://www.wexfordcoco.ie/sites/default/files/content/County-Council-Meeting-11.04.23-Minutes.pdf,11th April 2023
County Council Meeting - 13th March 2023,https://www.wexfordcoco.ie/sites/default/files/content/CouncilDemocracy/CouncilMinutes/County-Council-Meeting-Minutes-13.03.2023.pdf,13th March 2023
County Council Meeting - 13th February 2023,https://www.wexfordcoco.ie/sites/default/files/content/CouncilDemocracy/CouncilMinutes/County-Council-Meeting-Minutes-13.02.23.pdf,13th February 2023
County Council Meeting - 9th January 2023,https://www.wexfordcoco.ie/sites/default/files/content/CouncilDemocracy/CouncilMinutes/County-Council-Meeting-Minutes-09.01.23.pdf,9th January 2023
County Council Meeting - 12th December 2022,https://www.wexfordcoco.ie/sites/default/files/content/CouncilDemocracy/CouncilMinutes/County-Council-Meeting-Minutes-12.12.22.pdf,12th December 2022
Special County Council Meeting (Housing) - 5th December 2022,https://www.wexfordcoco.ie/sites/default/files/content/CouncilDemocracy/CouncilMinutes/Special-Housing-County-Council-Meeting-05.12.22-Minutes.pdf,5th December 2022
Statutory Budget Meeting - 28th November 2022,https://www.wexfordcoco.ie/sites/default/files/content/CouncilDemocracy/CouncilMinutes/Statutory-Budget-Meeting-28.11.22-Minutes.pdf,28th November 2022
County Council Meeting - 14th November 2022,https://www.wexfordcoco.ie/sites/default/files/content/CouncilDemocracy/CouncilMinutes/County-Council-Meeting-14.11.22-Minutes.pdf,14th November 2022
Special County Council Meeting (Housing) - 14th November 2022,https://www.wexfordcoco.ie/sites/default/files/content/CouncilDemocracy/CouncilMinutes/Special-Housing-County-Council-Meeting-14.11.22-Minutes.pdf,14th November 2022
County Council Meeting - 10th October 2022,https://www.wexfordcoco.ie/sites/default/files/content/County-Council-Meeting-10.10.22-Minutes.pdf,10th October 2022
County Council Meeting - 12th September 2022,https://www.wexfordcoco.ie/sites/default/files/content/County-Council-Meeting-12.09.22-Minutes.pdf,12th September 2022
County Council Meeting - 11th July 2022,https://www.wexfordcoco.ie/sites/default/files/content/County-Council-Meeting-11.07.22-Minutes.pdf,11th July 2022
County Council Annual Meeting - 20th June 2022,https://www.wexfordcoco.ie/sites/default/files/content/County-Council-Annual-Meeting-20.06.22-Minutes.pdf,20th June 2022
Special County Council Meeting - 13th June 2022,https://www.wexfordcoco.ie/sites/default/files/content/Minutes-of-Special-Meeting-of-Wexford-County-Council-Planning-13th-June-2022.pdf,13th June 2022
County Council Meeting - Minutes 13th June 2022,https://www.wexfordcoco.ie/sites/default/files/content/County-Council-Meeting-13.06.22-Minutes.pdf,13th June 2022
County Council Meeting - Minutes 9th May 2022,https://www.wexfordcoco.ie/sites/default/files/content/County-Council-Meeting-Minutes-9th-May-2022.pdf,9th May 2022
County Council Meeting - Minutes 11th April 2022,https://www.wexfordcoco.ie/sites/default/files/content/County-Council-Meeting-Minutes-11th-April-2022.pdf,11th April 2022
County Council Meeting - Minutes 28th March 2022,https://www.wexfordcoco.ie/sites/default/files/content/Council-Meeting-Minutes-28.03.2022_0.pdf,28th March 2022
County Council Meeting - Minutes 14th February 2022,https://www.wexfordcoco.ie/sites/default/files/content/County-Council-Meeting-Minutes-14.02.2022.pdf,14th February 2022
Special County Council Meeting  - Minutes 14th January 2022,https://www.wexfordcoco.ie/sites/default/files/content/Special-County-Council-Meeting-14.01.22-Minutes_0.pdf,14th January 2022
County Council Meeting - Minutes 10th January 2022,https://www.wexfordcoco.ie/sites/default/files/content/County-Council-Meeting-10.01.22-Minutes.pdf,10th January 2022
Special County Council Meeting - Minutes 5th January 2022,https://www.wexfordcoco.ie/sites/default/files/content/Special-County-Council-Meeting-05.01.22-Flooding-Minutes.pdf,5th January 2022
Revised Notice for Agenda- Wexford County Council Meeting - 13th December 2021,https://www.wexfordcoco.ie/sites/default/files/content/Revised-Notice-County-Council-Meeting-13th-December-2021.pdf,13th December 2021
Agenda - Wexford County Council Meeting - 13th December 2021,https://www.wexfordcoco.ie/sites/default/files/content/Agenda-County-Council-Meeting-13th-December-2021.pdf,13th December 2021
"Agenda - Statutory Budget Meeting 29th November, 2021",https://www.wexfordcoco.ie/sites/default/files/content/Agenda-Statutory-Budget-Meeting-of-Wexford-County-Council-29th-November-2021.pdf,2021
Agenda - Wexford County Council Meeting - 8th November 2021 2.30p.m.,https://www.wexfordcoco.ie/sites/default/files/content/Agenda-County-Council-Meeting-8th-November-2021-2.30-pm.pdf,8th November 2021
Agenda - Wexford County Council Meeting - 8th November 2021 4.30p.m.,https://www.wexfordcoco.ie/sites/default/files/content/Agenda-County-Council-Meeting-8th-November-2021-4.30-pm.pdf,8th November 2021
Agenda - Wexford County Council Meeting 11th October 2021,https://www.wexfordcoco.ie/sites/default/files/content/Agenda-County-Council-Meeting-11th-October-2021.pdf,11th October 2021
Agenda - Wexford County Council Meeting 13th September 2021,https://www.wexfordcoco.ie/sites/default/files/content/County-Council-Agenda-13.09.21.pdf,13th September 2021
Agenda - Special Meeting of Wexford County Council 6th September 2021 2.30p.m.,https://www.wexfordcoco.ie/sites/default/files/content/Agenda-Special-Meeting-of-Wexford-County-Council-6th-September-2021-2.30-pm.pdf,6th September 2021
Agenda - Special Meeting of Wexford County Council 6th September 2021 5.30p.m.,https://www.wexfordcoco.ie/sites/default/files/content/Agenda-Special-Meeting-of-Wexford-County-Council-6th-September-2021-5.30-pm.pdf,6th September 2021
Agenda Wexford County Council Meeting 12th July 2021,https://www.wexfordcoco.ie/sites/default/files/content/CouncilDemocracy/CouncilMinutes/County-Council-Meeting-12.07.21-Minutes.pdf,12th July 2021
Agenda - Annual Meeting of Wexford County Council 28th June 2021,https://www.wexfordcoco.ie/sites/default/files/content/Agenda-Annual-Meeting-of-Wexford-County-Council-28th-June-2021.pdf,28th June 2021
Agenda County Council 14th June 2021,https://www.wexfordcoco.ie/sites/default/files/content/Agenda-County-Council-Meeting-14th-June-2021.pdf,14th June 2021
Agenda - Special County Council Meeting 14th June 2021,https://www.wexfordcoco.ie/sites/default/files/content/Agenda-Special-Meeting-of-Wexford-County-Council-14th-June-2021.pdf,14th June 2021
Agenda County Council Meeting 10th May 2021,https://www.wexfordcoco.ie/sites/default/files/content/Agenda-County-Council-Meeting-10.05.2021.pdf,10th May 2021
Agenda - County Council Meeting 26th April 2021 (Development Plan),https://www.wexfordcoco.ie/sites/default/files/content/Agenda-Special-Meeting-of-Wexford-County-Council-Development-Plan-26th-April-2021_0.pdf,26th April 2021
Agenda - County Council Meeting 12th April 2021,https://www.wexfordcoco.ie/sites/default/files/content/Agenda-County-Council-Meeting-12th-April-2021.pdf,12th April 2021
Agenda - County Council Meeting 8th March 2021,https://www.wexfordcoco.ie/sites/default/files/content/Agenda-County-Council-Meeting-8th-March-2021.pdf,8th March 2021
Special meeting of Wexford County Council 22nd February 2021,https://www.wexfordcoco.ie/sites/default/files/content/Special-Meeting-of-Wexford-County-Council-Housing-22nd-February-2021.pdf,22nd February 2021
"Agenda - County Council Meeting 8th February, 2021",https://www.wexfordcoco.ie/sites/default/files/content/Agenda-County-Council-Meeting-8th-February-2021_0.pdf,2021
Agenda - County Council Meeting 11th January 2021,https://www.wexfordcoco.ie/sites/default/files/content/Agenda-County-Council-Meeting-11th-January-2021.pdf,11th January 2021
County Council Meeting Minutes 13th December 2021,https://www.wexfordcoco.ie/sites/default/files/content/County-Council-Meeting-Minutes-13.12.21.pdf,13th December 2021
County Council Budget Meeting Minutes 29th November 2021,https://www.wexfordcoco.ie/sites/default/files/content/Environment/BiodiversityComm/County-Council-Budget-Meeting-29.11.21-Minutes.pdf,29th November 2021
County Council Meeting Minutes 8th November 2021 (4.30pm),https://www.wexfordcoco.ie/sites/default/files/content/Environment/BiodiversityComm/County-Council-Meeting-8.11.21-4.30PM-Minutes.pdf,8th November 2021
County Council Meeting Minutes 8th November 2021 (2.30pm),https://www.wexfordcoco.ie/sites/default/files/content/Environment/BiodiversityComm/County-Council-Meeting-8.11.21-2.30pm-Minutes.pdf,8th November 2021
County Council Meeting Minutes 11th October 2021,https://www.wexfordcoco.ie/sites/default/files/content/County-Council-Meeting-11.10.21-Minutes.pdf,11th October 2021
County Council Meeting Minutes 13th September 2021,https://www.wexfordcoco.ie/sites/default/files/content/County-Council-Meeting-13.9.21-Minutes.pdf,13th September 2021
Special (Planning) Meeting Minutes 6th September 2021 (2.30pm),https://www.wexfordcoco.ie/sites/default/files/content/Special-Planning-Meeting-06.09.21-Minutes-2.30pm_2.pdf,6th September 2021
Special (Planning) Meeting Minutes 6th September (5.15pm),https://www.wexfordcoco.ie/sites/default/files/content/Special-Planning-Meeting-06.09.21-Minutes-5.15pm_0.pdf,
County Council Meeting Minutes 12th July 2021,https://www.wexfordcoco.ie/sites/default/files/content/CouncilDemocracy/CouncilMinutes/County-Council-Meeting-12.07.21-Minutes.pdf,12th July 2021
Annual County Council Meeting Minutes 28th June 2021,https://www.wexfordcoco.ie/sites/default/files/content/Annual-Meeting-Minutes-28th-June-2021.pdf,28th June 2021
Special County Council Meeting Minutes 14th June 2021,https://www.wexfordcoco.ie/sites/default/files/content/Special-Planning-Meeting-14.06.21-Minutes.pdf,14th June 2021
County Council Meeting Minutes 14th June 2021,https://www.wexfordcoco.ie/sites/default/files/content/County-Council-Meeting-14.06.21-Minutes.pdf,14th June 2021
County Council Meeting Minutes 10th May 2021,https://www.wexfordcoco.ie/sites/default/files/content/County-Council-Meeting-10.05.2021-Minutes.pdf,10th May 2021
County Council Meeting Minutes (Special Planning) 26th April 2021,https://www.wexfordcoco.ie/sites/default/files/content/County-Council-Special-Planning-Meeting-26.04.21-Minutes.pdf,26th April 2021
County Council Meeting 12th April 2021 Minutes,https://www.wexfordcoco.ie/sites/default/files/content/County-Council-Meeting-12.04.21-Minutes.pdf,12th April 2021
County Council Meeting Minutes 8th March 2021,https://www.wexfordcoco.ie/sites/default/files/content/County-Council-Meeting-08.03.21-Minutes_0.pdf,8th March 2021
Special County Council Meeting 22nd February 2021 Minutes,https://www.wexfordcoco.ie/sites/default/files/content/Special-County-Council-Meeting-22.02.21-Minutes.pdf,22nd February 2021
County Council Meeting 8th February 2021 Minutes,https://www.wexfordcoco.ie/sites/default/files/content/County-Council-Meeting-08.02.21-Minutes.pdf,8th February 2021
County Council Meeting 11.01.21 Minutes,https://www.wexfordcoco.ie/sites/default/files/content/County-Council-Meeting-11.01.21-Minutes.pdf,
Agenda County Council Meeting 14th December 2020,https://www.wexfordcoco.ie/sites/default/files/content/Agenda-County-Council-Meeting-14th-December-2020.doc.pdf,14th December 2020
Council Budget Agenda 30th November 2020,https://www.wexfordcoco.ie/sites/default/files/content/Council-Budget-Agenda-30th-November-2020.pdf,30th November 2020
"Agenda County Council Meeting 9th November, 2020",https://www.wexfordcoco.ie/sites/default/files/content/Agenda-County-Council-Meeting-9th-November-2020.pdf,2020
"Agenda Council Meeting 14th September, 2020",https://www.wexfordcoco.ie/sites/default/files/content/Agenda-County-Council-Meeting-14.09.20.pdf,2020
"Agenda Special Council Meeting 14th September, 2020",https://www.wexfordcoco.ie/sites/default/files/content/Agenda-Special-Co-Co-Meeting-14.09.20.pdf,2020
"Agenda Special County Council Meeting 5th August, 2020",https://www.wexfordcoco.ie/sites/default/files/content/Agenda-Special-County-Council-Meeting-5th-August-2020.pdf,2020
Special County Council Agenda 27th July 2020,https://www.wexfordcoco.ie/sites/default/files/content/Agenda-Special-County-Council-Meeting-27th-July-2020.pdf,27th July 2020
County Council Agenda 27th July 2020,https://www.wexfordcoco.ie/sites/default/files/content/Agenda-County-Council-Meeting-27th-July-2020.pdf,27th July 2020
Agenda Annual Meeting of Wexford County Council 29th June 2020,https://www.wexfordcoco.ie/sites/default/files/content/Agenda-Annual-Meeting-of-Wexford-County-Council-29th-June-2020.pdf,29th June 2020
County Council Agenda 29th June 2020,https://www.wexfordcoco.ie/sites/default/files/content/CouncilDemocracy/CouncilMinutes/Agenda-County-Council-Meeting-29th-June-2020.pdf,29th June 2020
County Council Agenda 9th March 2020,https://www.wexfordcoco.ie/sites/default/files/content/CouncilDemocracy/CouncilMinutes/County-Council-Agenda-9th-March-2020.pdf,9th March 2020
Special County Council Meeting Agenda - 20th January 2020,https://www.wexfordcoco.ie/sites/default/files/content/CouncilDemocracy/Special-County-Council-Meeting-20.01.20.pdf,20th January 2020
Special County Council Meeting Agenda - 13th January 2020,https://www.wexfordcoco.ie/sites/default/files/content/CouncilDemocracy/Special-County-Council-Meeting-13.01.2020.pdf,13th January 2020
Council Agenda - 13th January 2020,https://www.wexfordcoco.ie/sites/default/files/content/CouncilDemocracy/Agenda-County-Council-Meeting-13.01.2020.pdf,13th January 2020
County Council Meeting 14.12.20 Minutes,https://www.wexfordcoco.ie/sites/default/files/content/County-Council-Meeting-14.12.20-Minutes.pdf,
County Council Budget Meeting Minutes 30th November 2020,https://www.wexfordcoco.ie/sites/default/files/content/County-Council-Budget-Meeting-Minutes-30.11.20.pdf,30th November 2020
County Council Meeting Minutes 9th November 2020,https://www.wexfordcoco.ie/sites/default/files/content/County-Council-Meeting-Minutes-09.11.2020.pdf,9th November 2020
Final County Council Special Meeting 14.09.20 Minutes,https://www.wexfordcoco.ie/sites/default/files/content/Final-County-Council-Special-Meeting-14.09.20-Minutes.pdf,
Final County Council Meeting Minutes 14 Sept 2020,https://www.wexfordcoco.ie/sites/default/files/content/Final-County-Council-Meeting-Minutes-14-Sept-2020.pdf,2020
County Council Meeting 27.07.2020 Minutes,https://www.wexfordcoco.ie/sites/default/files/content/County-Council-Meeting-27.07.20-Minutes.pdf,2020
County Council Special Meeting 27.07.2020 Minutes,https://www.wexfordcoco.ie/sites/default/files/content/County-Council-Special-Meeting-27.07.20-Minutes.pdf,2020
County Council Special Meeting 05.08.2020 Minutes,https://www.wexfordcoco.ie/sites/default/files/content/County-Council-Special-Meeting-05.08.20-Minutes.pdf,2020
County Council Minutes 29th June 2020,https://www.wexfordcoco.ie/sites/default/files/content/County-Council-Meeting-Minutes-29.06.2020.pdf,29th June 2020
Minutes of the Annual Meeting of Wexford County Council 29th June 2020,https://www.wexfordcoco.ie/sites/default/files/content/Minutes-Annual-Meeting-of-Wexford-County-Council-29th-June-2020.pdf,29th June 2020
County Council Minutes 9th March 2020,https://www.wexfordcoco.ie/sites/default/files/content/CouncilDemocracy/CouncilMinutes/County-Council-Meeting-Minutes-09.03.2020.pdf,9th March 2020
Final County Council Minutes 14th February 2020,https://www.wexfordcoco.ie/sites/default/files/content/CouncilDemocracy/CouncilMinutes/Final-County-Council-Meeting-Minutes-14.02.2020.pdf,14th February 2020
Special County Council Minutes 20th January 2020,https://www.wexfordcoco.ie/sites/default/files/content/CouncilDemocracy/CouncilMinutes/Final-Special-County-Council-Meeting-Minutes-20.01.2020.pdf,20th January 2020
Special County Council Minutes 13th January 2020,https://www.wexfordcoco.ie/sites/default/files/content/CouncilDemocracy/CouncilMinutes/Final-Special-County-Council-Meeting-Minutes-13.01.2020.pdf,13th January 2020
County Council Minutes 13th January 2020,https://www.wexfordcoco.ie/sites/default/files/content/CouncilDemocracy/CouncilMinutes/Final-County-Council-Meeting-Minutes-13.01.2020.pdf,13th January 2020
Council Agenda - 9th December 2019,https://www.wexfordcoco.ie/sites/default/files/content/CouncilDemocracy/Agenda-County-Council-Meeting-09.12.19.pdf,9th December 2019
Council Budget Agenda - 25th November 2019,https://www.wexfordcoco.ie/sites/default/files/content/CouncilDemocracy/Budget-Agenda-25.11.19.pdf,25th November 2019
Council Agenda - 11th November 2019,https://www.wexfordcoco.ie/sites/default/files/content/CouncilDemocracy/Agenda-County-Council-Meeting-11.11.2019.pdf,11th November 2019
Council Agenda - 14th October 2019,https://www.wexfordcoco.ie/sites/default/files/content/CouncilDemocracy/Co-Co-Agenda-14.10.19.pdf,14th October 2019
Council Agenda - 9th September 2019,https://www.wexfordcoco.ie/sites/default/files/content/CouncilDemocracy/Special-County-Council-Meeting-09.09.19_0.pdf,9th September 2019
Special County Council Agenda - 9th September 2019,https://www.wexfordcoco.ie/sites/default/files/content/CouncilDemocracy/Special-County-Council-Meeting-09.09.19.pdf,9th September 2019
Council Agenda - 8th July 2019,https://www.wexfordcoco.ie/sites/default/files/content/CouncilDemocracy/Co-Co-Agenda-08.07.19.pdf,8th July 2019
Council Agenda - 14th June 2019,https://www.wexfordcoco.ie/sites/default/files/content/CouncilDemocracy/Annual-Meeting-14.06.19.pdf,14th June 2019
Council Agenda - 13th May 2019,https://www.wexfordcoco.ie/sites/default/files/content/CouncilDemocracy/Agenda-Co-Co-Meeting-13.05.19.pdf,13th May 2019
Council Agenda - 8th April 2019,https://www.wexfordcoco.ie/sites/default/files/content/CouncilDemocracy/Co-Co-Agenda-08.04.19_0.pdf,8th April 2019
Council Agenda - 11th March 2019,https://www.wexfordcoco.ie/sites/default/files/content/CouncilDemocracy/CouncilMinutes/Amended-Co-Co-Meeting-agenda-11.03.19.pdf,11th March 2019
Special County Council Agenda - 11th March 2019,https://www.wexfordcoco.ie/sites/default/files/content/CouncilDemocracy/CouncilMinutes/Special-County-Council-Meeting-11.03.19.doc.pdf,11th March 2019
Council Agenda - 11th February 2019,https://www.wexfordcoco.ie/sites/default/files/content/CouncilDemocracy/CouncilMinutes/Co-Co-Meeting-Agenda-11.02.19.pdf,11th February 2019
Council Agenda - 14th January 2019,https://www.wexfordcoco.ie/sites/default/files/content/CouncilDemocracy/CouncilMinutes/Co-Co-Meeting-Agenda-09.01.19_0.pdf,14th January 2019
Final County Council Meeting 9th December 2019,https://www.wexfordcoco.ie/sites/default/files/content/CouncilDemocracy/CouncilMinutes/Final-County-Council-Meeting-09-12-19.pdf,9th December 2019
Final Statutory Budget Meeting 25th November 2019,https://www.wexfordcoco.ie/sites/default/files/content/CouncilDemocracy/CouncilMinutes/Final-Statutory-Budget-Meeting-25.11.19.pdf,25th November 2019
County Council Meeting 11th November 2019,https://www.wexfordcoco.ie/sites/default/files/content/CouncilDemocracy/CouncilMinutes/County-Council-Meeting-11.11.19_0.pdf,11th November 2019
Final County Council Meeting 14th October 2019,https://www.wexfordcoco.ie/sites/default/files/content/CouncilDemocracy/CouncilMinutes/Final-County-Council-Meeting-14-10-19.pdf,14th October 2019
Final Special County Council Meeting 9th September 2019,https://www.wexfordcoco.ie/sites/default/files/content/CouncilDemocracy/CouncilMinutes/Final-Special-County-Council-Meeting-09-09-19.pdf,9th September 2019
County Council Meeting 9th September 2019 as amended,https://www.wexfordcoco.ie/sites/default/files/content/CouncilDemocracy/CouncilMinutes/County-Council-Meeting-09-09-19-as-amended.pdf,9th September 2019
Final County Council Meeting 9th September 2019,https://www.wexfordcoco.ie/sites/default/files/content/CouncilDemocracy/CouncilMinutes/Final-County-Council-Meeting-09-09-19-v.1-2.pdf,9th September 2019
Final County Council Meeting 8th July 2019,https://www.wexfordcoco.ie/sites/default/files/content/CouncilDemocracy/Final-County-Council-Meeting-08-07-19.pdf,8th July 2019
Special County Council Meeting Minutes 14 June 2019,https://www.wexfordcoco.ie/sites/default/files/content/CouncilDemocracy/CouncilMinutes/Final-Special-County-Council-Meeting-14-06-19.pdf,2019
County Council Annual Meeting Minutes 14 June 2019,https://www.wexfordcoco.ie/sites/default/files/content/CouncilDemocracy/CouncilMinutes/Final-First-Annual-Meeting-14-06-19.pdf,2019
County Council Minutes 13 May 2019,https://www.wexfordcoco.ie/sites/default/files/content/CouncilDemocracy/CouncilMinutes/Final-County-Council-Meeting-13-05-19.pdf,2019
County Council minutes 8 April 2019,https://www.wexfordcoco.ie/sites/default/files/content/CouncilDemocracy/CouncilMinutes/County-Council-Meeting-8-April-19-Minutes.pdf,2019
Special County Council minutes 11 March 2019,https://www.wexfordcoco.ie/sites/default/files/content/CouncilDemocracy/CouncilMinutes/Final-Special-County-Council-Meeting-11.03.19.pdf,2019
County Council minutes 11 March 2019,https://www.wexfordcoco.ie/sites/default/files/content/CouncilDemocracy/CouncilMinutes/Final-County-Council-Meeting-11.03.19.pdf,2019
County Council minutes 11 February 2019,https://www.wexfordcoco.ie/sites/default/files/content/CouncilDemocracy/CouncilMinutes/County-Council-Meeting-11-02-19.pdf,2019
County Council minutes 14 January 2019,https://www.wexfordcoco.ie/sites/default/files/content/CouncilDemocracy/CouncilMinutes/Final-County-Council-Meeting-14-01-19.pdf,2019
Special County Council minutes 2 January 2019,https://www.wexfordcoco.ie/sites/default/files/content/CouncilDemocracy/CouncilMinutes/Special-County-Council-Meeting-02.01.19.pdf,2019
Council minutes 10 December 2018,https://www.wexfordcoco.ie/sites/default/files/content/CouncilDemocracy/CouncilMinutes/County-Council-Meeting-10.12.18.pdf,2018
Statutory Budget Meeting Minutes 26 November 2018,https://www.wexfordcoco.ie/sites/default/files/content/CouncilDemocracy/CouncilMinutes/Statutory-Budget-Meeting-26.11.18.pdf,2018
Council minutes 12 November 2018,https://www.wexfordcoco.ie/sites/default/files/content/CouncilDemocracy/CouncilMinutes/Final-County-Council-Meeting-12-11-18.pdf,2018
Council minutes 8 October 2018,https://www.wexfordcoco.ie/sites/default/files/content/CouncilDemocracy/CouncilMinutes/County-Council-Meeting-08.10.18.pdf,2018
Council minutes 10 September 2018,https://www.wexfordcoco.ie/sites/default/files/content/CouncilDemocracy/CouncilMinutes/County-Council-Meeting-10-Sept-2018-Minutes.pdf,2018
Special County Council minutes 5 September 2018,https://www.wexfordcoco.ie/sites/default/files/content/CouncilDemocracy/CouncilMinutes/Special-County-Council-Meeting-05-09-18-2.pdf,2018
Special County Council minutes 3 September 2018,https://www.wexfordcoco.ie/sites/default/files/content/CouncilDemocracy/CouncilMinutes/Special-County-Council-Meeting-03.09.18.pdf,2018
Council minutes 9 July 2018,https://www.wexfordcoco.ie/sites/default/files/content/CouncilDemocracy/CouncilMinutes/Final-County-Council-Meeting-09.07.18.pdf,2018
Council minutes 11 June 2018,https://www.wexfordcoco.ie/sites/default/files/content/CouncilDemocracy/CouncilMinutes/Final-County-Council-Meeting-11-06-18_0.pdf,2018
Council minutes 14 May 2018,https://www.wexfordcoco.ie/sites/default/files/content/CouncilDemocracy/CouncilMinutes/Final-County-Council-Meeting-14-05-18.pdf,2018
Council minutes 9 April 2018,https://www.wexfordcoco.ie/sites/default/files/content/CouncilDemocracy/CouncilMinutes/Final-County-Council-Meeting-09-04-18.pdf,2018
Council minutes 12 March 2018,https://www.wexfordcoco.ie/sites/default/files/content/CouncilDemocracy/CouncilMinutes/Council-Meeting-12Mar18.pdf,2018
Council minutes 12 February 2018,https://www.wexfordcoco.ie/sites/default/files/content/CouncilDemocracy/CouncilMinutes/Council-Meeting-12Feb-2018.pdf,2018
Council minutes 8 January 2018,https://www.wexfordcoco.ie/sites/default/files/content/CouncilDemocracy/CouncilMinutes/Council-Meeting-08.01.18.pdf,2018
Council minutes 16 January 2017,https://www.wexfordcoco.ie/sites/default/files/content/CouncilDemocracy/CouncilMinutes/County%20Council%20Meeting%2016.01.17.pdf,2017
Council minutes 13 February 2017,https://www.wexfordcoco.ie/sites/default/files/content/CouncilDemocracy/CouncilMinutes/County%20Council%20Meeting%2013.02.17.pdf,2017
Council minutes 13 March 2017,https://www.wexfordcoco.ie/sites/default/files/content/CouncilDemocracy/CouncilMinutes/County%20Council%20Meeting%2013.03.17.pdf,2017
Council minutes 10 April 2017,https://www.wexfordcoco.ie/sites/default/files/content/CouncilDemocracy/CouncilMinutes/County%20Council%20Meeting%2010%20April%202017.pdf,2017
Council minutes 8 May 2017,https://www.wexfordcoco.ie/sites/default/files/content/CouncilDemocracy/CouncilMinutes/Final%20County%20Council%20Meeting%2008%20May%2017.pdf,2017
Council minutes 12 June 2017,https://www.wexfordcoco.ie/sites/default/files/content/CouncilDemocracy/CouncilMinutes/County%20Council%20Meeting%2012.06.17.pdf,2017
Special Council Meeting 19 June 2017,https://www.wexfordcoco.ie/sites/default/files/content/CouncilDemocracy/CouncilMinutes/Special%20County%20Council%20Meeting%2019.06.17.pdf,2017
Annual Meeting 19 June 2017,https://www.wexfordcoco.ie/sites/default/files/content/CouncilDemocracy/CouncilMinutes/Annual%20Meeting%2019.06.17.pdf,2017
Special Council Meeting 3 July 2017,https://www.wexfordcoco.ie/sites/default/files/content/CouncilDemocracy/CouncilMinutes/Special%20County%20Council%20Meeting%2003.07.17.pdf,2017
Council minutes 10 July 2017,https://www.wexfordcoco.ie/sites/default/files/content/CouncilDemocracy/CouncilMinutes/County%20Council%20Meeting%2010.07.17.pdf,2017
Council minutes 11 September 2017,https://www.wexfordcoco.ie/sites/default/files/content/CouncilDemocracy/CouncilMinutes/County%20Council%20Meeting%2011%20September%202017.pdf,2017
Council minutes 28 September 17 LPT Variation,https://www.wexfordcoco.ie/sites/default/files/content/CouncilDemocracy/CouncilMinutes/County%20Council%20Meeting%2028%2009%2017%20LPT%20Variation.pdf,
Council minutes 9 October 2017,https://www.wexfordcoco.ie/sites/default/files/content/CouncilDemocracy/CouncilMinutes/CountyCouncilMeeting091017Final.pdf,2017
Special Housing Meeting 10 November 2017,https://www.wexfordcoco.ie/sites/default/files/content/CouncilDemocracy/CouncilMinutes/SpecialHousingMeeting101117.pdf,2017
Council minutes 13 November 2017,https://www.wexfordcoco.ie/sites/default/files/content/CouncilDemocracy/CouncilMinutes/CountyCouncilMeetingMinute131117.pdf,2017
Statutory Budget Meeting 27 November 2017,https://www.wexfordcoco.ie/sites/default/files/content/CouncilDemocracy/CouncilMinutes/StatutoryBudgetMeeting271117.pdf,2017
Council minutes 11 December 2017,https://www.wexfordcoco.ie/sites/default/files/content/CouncilDemocracy/CouncilMinutes/Council-Meeting-11.12.17.pdf,2017
Council Minutes 2016,https://www.wexfordcoco.ie/sites/default/files/content/CouncilDemocracy/CouncilMinutes/Council%20Minutes%202016.pdf,2016
Council Minutes 2015,https://www.wexfordcoco.ie/sites/default/files/content/CouncilDemocracy/CouncilMinutes/CouncilMinutes2015.pdf,2015
Council Minutes 2014,https://www.wexfordcoco.ie/sites/default/files/content/CouncilDemocracy/CouncilMinutes/CouncilMinutes2014.pdf,2014
Council Minutes 2013,https://www.wexfordcoco.ie/sites/default/files/content/CouncilDemocracy/CouncilMinutes/CouncilMinutes2013.pdf,2013
Council Minutes 2012,https://www.wexfordcoco.ie/sites/default/files/content/CouncilDemocracy/CouncilMinutes/CouncilMinutes2012.pdf,2012
Council Minutes 2011,https://www.wexfordcoco.ie/sites/default/files/content/CouncilDemocracy/CouncilMinutes/CouncilMinutes2011.pdf,2011
Council Minutes 2010,https://www.wexfordcoco.ie/sites/default/files/content/CouncilDemocracy/CouncilMinutes/CouncilMinutes2010.pdf,2010
Council Minutes 2009,https://www.wexfordcoco.ie/sites/default/files/content/CouncilDemocracy/CouncilMinutes/CouncilMinutes2009.pdf,2009
Council Minutes 2008,https://www.wexfordcoco.ie/sites/default/files/content/CouncilDemocracy/CouncilMinutes/CouncilMinutes2008.pdf,2008
